concept,label,2023-07-31,2024-07-31,2025-07-31
us-gaap_NetIncomeLoss,Net loss,-202335000.0,-57706000.0,-41478000.0
zs_DepreciationDepletionAndAmortizationExcludingAmortizationOfDeferredContractCosts,Depreciation and amortization expense,55756000.0,66308000.0,104361000.0
us-gaap_AmortizationOfIntangibleAssets,Amortization expense of acquired intangible assets,11060000.0,14624000.0,16820000.0
us-gaap_CapitalizedContractCostAmortization,Amortization of deferred contract acquisition costs,98718000.0,130139000.0,166310000.0
us-gaap_AmortizationOfFinancingCostsAndDiscounts,Amortization of debt issuance costs,3894000.0,3914000.0,4293000.0
us-gaap_OperatingLeaseRightOfUseAssetAmortizationExpense,Non-cash operating lease costs,32212000.0,49445000.0,62998000.0
us-gaap_ShareBasedCompensation,Stock-based compensation expense,444834000.0,527676000.0,661350000.0
us-gaap_AccretionAmortizationOfDiscountsAndPremiumsInvestments,Accretion of investments purchased at a discount,-6582000.0,-19062000.0,-15923000.0
us-gaap_UnrealizedGainLossOnDerivatives,Unrealized (gains) losses on hedging transactions,-3319000.0,753000.0,369000.0
us-gaap_IncreaseDecreaseInDeferredIncomeTaxes,Deferred income taxes,352000.0,-5633000.0,-14351000.0
us-gaap_OtherNoncashIncomeExpense,Other,-820000.0,3320000.0,987000.0
us-gaap_IncreaseDecreaseInAccountsReceivable,Accounts receivable,-183858000.0,-152960000.0,-256010000.0
us-gaap_IncreaseDecreaseInContractWithCustomerAsset,Deferred contract acquisition costs,-176950000.0,-200303000.0,-230453000.0
us-gaap_IncreaseDecreaseInPrepaidDeferredExpenseAndOtherAssets,"Prepaid expenses, other current and noncurrent assets",-39922000.0,-39971000.0,-41572000.0
us-gaap_IncreaseDecreaseInAccountsPayable,Accounts payable,-8416000.0,4164000.0,17532000.0
us-gaap_IncreaseDecreaseInAccruedLiabilitiesAndOtherOperatingLiabilities,"Accrued expenses, other current and noncurrent liabilities",26814000.0,43556000.0,5180000.0
us-gaap_IncreaseDecreaseInEmployeeRelatedLiabilities,Accrued compensation,24538000.0,10507000.0,20997000.0
us-gaap_IncreaseDecreaseInContractWithCustomerLiability,Deferred revenue,418564000.0,450314000.0,573052000.0
us-gaap_OperatingLeasePayments,Operating lease liabilities,-32197000.0,-49239000.0,-62009000.0
us-gaap_NetCashProvidedByUsedInOperatingActivities,Net cash provided by operating activities,462343000.0,779846000.0,972453000.0
us-gaap_PaymentsToAcquirePropertyPlantAndEquipment,"Purchases of property, equipment and other assets",-97197000.0,-144588000.0,-164252000.0
us-gaap_PaymentsToDevelopSoftware,Capitalized internal-use software,-31527000.0,-50308000.0,-81508000.0
us-gaap_PaymentsToAcquireBusinessesNetOfCashAcquired,"Payments for business acquisitions, net of cash acquired",-15643000.0,-374702000.0,-834000.0
us-gaap_PaymentsToAcquireOtherInvestments,Purchase of strategic investments,-3206000.0,-2000000.0,-824000.0
us-gaap_PaymentsToAcquireAvailableForSaleSecuritiesDebt,Purchases of short-term investments,-1064143000.0,-1291015000.0,-1280629000.0
us-gaap_ProceedsFromMaturitiesPrepaymentsAndCallsOfAvailableForSaleSecurities,Proceeds from maturities of short-term investments,901849000.0,1132268000.0,1101025000.0
us-gaap_ProceedsFromSaleOfAvailableForSaleSecuritiesDebt,Proceeds from sale of short-term investments,50530000.0,47165000.0,0.0
us-gaap_NetCashProvidedByUsedInInvestingActivities,Net cash used in investing activities,-259337000.0,-683180000.0,-427022000.0
us-gaap_ProceedsFromStockOptionsExercised,Proceeds from issuance of common stock upon exercise of stock options,3944000.0,12249000.0,3581000.0
us-gaap_ProceedsFromIssuanceOfSharesUnderIncentiveAndShareBasedCompensationPlans,Proceeds from issuance of common stock under the employee stock purchase plan,42263000.0,51998000.0,63563000.0
us-gaap_PaymentForContingentConsiderationLiabilityFinancingActivities,Payment of deferred consideration related to business acquisitions,-215000.0,-0.0,-792000.0
us-gaap_ProceedsFromConvertibleDebt,Proceeds from issuance of the 2028 Notes,0.0,0.0,1725000000.0
us-gaap_RepaymentsOfConvertibleDebt,Payments for issuance costs related to the 2028 Notes,-0.0,-0.0,-24150000.0
zs_PaymentsForCappedCall,Purchases of capped calls related to the 2028 convertible senior notes,-0.0,-0.0,-196650000.0
us-gaap_RepaymentsOfSeniorDebt,Payments for the settlement of the 2025 Notes,-0.0,-0.0,-1150040000.0
us-gaap_ProceedsFromPaymentsForOtherFinancingActivities,Other,-2000.0,-39000.0,0.0
us-gaap_NetCashProvidedByUsedInFinancingActivities,Net cash provided by financing activities,45990000.0,64208000.0,420512000.0
us-gaap_CashCashEquivalentsRestrictedCashAndRestrictedCashEquivalentsPeriodIncreaseDecreaseIncludingExchangeRateEffect,Net increase in cash and cash equivalents,248996000.0,160874000.0,965943000.0
us-gaap_CashCashEquivalentsRestrictedCashAndRestrictedCashEquivalents,Cash and cash equivalents at end of period,1262206000.0,1423080000.0,2389023000.0
us-gaap_IncomeTaxesPaidNet,"Cash paid for income taxes, net of tax refunds",14940000.0,23123000.0,23335000.0
us-gaap_InterestPaidNet,Cash paid for interest expense,1438000.0,1436000.0,1436000.0
us-gaap_RightOfUseAssetObtainedInExchangeForOperatingLeaseLiability,"Operating lease right-of-use assets obtained in exchange for operating lease obligations, net of terminations",29129000.0,64700000.0,57632000.0
zs_NoncashOrPartNoncashAcquisitionNoncashFinancialOrEquityInstrumentConsiderationValue,Equity consideration for business acquisitions,0.0,3805000.0,0.0
zs_NetChangeInCapitalExpendituresIncludedInLiabilities,Net change in purchased equipment included in accounts payable and accrued expenses,1588000.0,1111000.0,10977000.0
zs_SharesIssuedUponSettlementOfConvertibleNotes,Shares issued to settle the premium amount upon repayment of the 2025 Notes,0.0,0.0,4000.0
us-gaap_OtherSignificantNoncashTransactionValueOfConsiderationReceived1,Shares received and retired from the 2025 Capped Calls upon repayment of the 2025 Notes,0.0,0.0,2000.0
us-gaap_DebtIssuanceCostsIncurredDuringNoncashOrPartialNoncashTransaction,Debt issuance and capped call costs included in accounts payable and accrued liabilities,0.0,0.0,999000.0
